Faculty_Full_Name,Top_Mesh_Terms
"Allison, Steven","Normalized Soil, Normalized Droughts, Normalized Nitrogen"
"Arora, Kavita","Normalized Computational Biology, Normalized Genetics"
"Atwood, Scott","Normalized Skin Neoplasms, Normalized Molecular Biology, Normalized Immunity"
"Azizi, Emanuel","Normalized Biomechanical Phenomena, Normalized Temperature"
"Baker, Nicholas",Normalized Phosphorylation
"Bardwell, Lee","Normalized Hedgehog Proteins, Normalized Phosphorylation, Normalized Ligands"
"Blumberg, Bruce","Normalized Obesity, Normalized Chromatin, Normalized Multiomics"
"Blurton-Jones, Mathew","Normalized Cytokines, Normalized Macrophages, Normalized Disease Progression"
"Bracken, Matthew","Normalized Biodiversity, Normalized Ecological and Environmental Phenomena, Normalized Nitrogen"
"Briscoe, Adriana","Normalized Phylogeny, Normalized Clustered Regularly Interspaced Short Palindromic Repeats, Normalized Evolution  Molecular"
"Burley, Nancy",
"Busciglio, Jorge","Normalized Cognitive Dysfunction, Normalized Aged, Normalized Proteomics"
"Cahill, Larry",Normalized Magnetic Resonance Imaging
"Cho, Ken","Normalized Gene Regulatory Networks, Normalized Chromatin, Normalized Embryonic Development"
"Chrastil, Elizabeth","Normalized Neuroimaging, Normalized Magnetic Resonance Imaging, Normalized Computer Simulation"
"Cinquin, Olivier","Normalized Computational Biology, Normalized Cell Line"
"Cocco, Melanie","Normalized Magnetic Resonance Imaging, Normalized Temperature, Normalized Genotype"
"Cohen-Cory, Susana",Normalized Synapses
"Connor, Kwasi","Normalized Homeostasis, Normalized Temperature, Normalized Diet"
"Cramer, Karina","Normalized Neuronal Plasticity, Normalized Synapses, Normalized Apoptosis"
"Daley, Monica","Normalized Biomechanical Phenomena, Normalized Resilience  Psychological, Normalized Computer Simulation"
"Donovan, Peter","Normalized Neurodegenerative Diseases, Normalized Stem Cells, Normalized Chromatin"
"Drayman, Nir","Normalized Antiviral Agents, Normalized Virus Diseases, Normalized RNA"
"Edinger, Aimee","Normalized CRISPR Cas Systems, Normalized Tumor Microenvironment, Normalized Nutrients"
"Emerson, J.J.","Normalized Genotype, Normalized Alleles, Normalized Evolution  Molecular"
"Eom, Dae Seok","Normalized Zebrafish, Normalized Macrophages"
"Faiola, Celia","Normalized Temperature, Normalized Soil, Normalized Resilience  Psychological"
"Fortin, Norbert",Normalized Memory
"Fowler, Christie","Normalized Nicotine, Normalized Chromatin, Normalized Microscopy"
"Frank, Steven","Normalized Biological Evolution, Normalized Computer Simulation, Normalized Computational Biology"
"Frostig, Ron","Normalized Astrocytes, Normalized Magnetic Resonance Imaging, Normalized Neuronal Plasticity"
"Fruman, David","Normalized Cell Line, Normalized Cell Proliferation, Normalized Apoptosis"
"Gaut, Brandon","Normalized Genetic Variation, Normalized Chromatin, Normalized Epigenomics"
"German, Donovan","Normalized Diet, Normalized Temperature, Normalized Ecological and Environmental Phenomena"
"Gershon, Paul","Normalized Proteomics, Normalized Escherichia coli, Normalized DNA"
"Glabe, Charles","Normalized Amyloid, Normalized Immunity, Normalized Neurodegenerative Diseases"
"Gonen, Shane","Normalized Cryoelectron Microscopy, Normalized Microscopy, Normalized Bacteriophages"
"Goulding, Celia","Normalized Anti Bacterial Agents, Normalized Ligands, Normalized Pandemics"
"Green, Kim","Normalized Cell Proliferation, Normalized Amyloid beta Peptides, Normalized Monocytes"
"Green, Michael","Normalized Ligands, Normalized Child, Normalized Nitrogenase"
"Grill, Joshua","Normalized Aged, Normalized Amyloid, Normalized Amyloid beta Peptides"
"Gross, Steven","Normalized Neurodegenerative Diseases, Normalized Computer Simulation, Normalized Anti Infective Agents"
"Halbrook, Christopher","Normalized Pancreatic Neoplasms, Normalized Tumor Microenvironment, Normalized Oxidation Reduction"
"Hammer, Tobin","Normalized Gastrointestinal Microbiome, Normalized Parasites, Normalized Ecological and Environmental Phenomena"
"Hu, Yilin","Normalized Nitrogenase, Normalized Escherichia coli, Normalized Nitrogen"
"Hughes, Christopher","Normalized Colorectal Neoplasms, Normalized Incidence, Normalized Survival Rate"
"Huxman, Travis","Normalized Temperature, Normalized Ecological and Environmental Phenomena, Normalized Soil"
"Inlay, Matthew","Normalized Hematopoietic Stem Cell Transplantation, Normalized Graft vs Host Disease, Normalized T Lymphocytes  Regulatory"
"James, Anthony","Normalized Genetics, Normalized CRISPR Cas Systems, Normalized RNA"
"Kawas, Claudia","Normalized Aged  80 and over, Normalized Cognitive Dysfunction, Normalized Aged"
"Kim, Seungsoo",
"Kong, Mei","Normalized Colorectal Neoplasms, Normalized Nutrients, Normalized Heterografts"
"Konieczny, Piotr",
"Kvon, Evgeny","Normalized Chromatin, Normalized Hedgehog Proteins, Normalized Organoids"
"LaFerla, Frank","Normalized Amyloid beta Peptides, Normalized Proteomics, Normalized Disease Progression"
"Lamb, Joleah","Normalized Temperature, Normalized Ecological and Environmental Phenomena, Normalized Biodiversity"
"Lander, Arthur","Normalized Stem Cells, Normalized RNA, Normalized Cell Differentiation"
"Lane, Thomas","Normalized COVID 19, Normalized Neuroinflammatory Diseases, Normalized Pandemics"
"Lara-Gonzalez, Pablo","Normalized Embryonic Development, Normalized Cell Proliferation, Normalized Cues"
"Lee, Grace","Normalized Parasites, Normalized Diet, Normalized Evolution  Molecular"
"Lodoen, Melissa","Normalized Toxoplasma, Normalized Parasites, Normalized Monocytes"
"Long, Anthony","Normalized Genotype, Normalized Macrophages, Normalized Persistent Infection"
"Luo, Ray","Normalized Computational Biology, Normalized Proteomics, Normalized Hippo Signaling Pathway"
"Lur, Gyorgy","Normalized Synapses, Normalized Memory Consolidation, Normalized Genetics"
"Lutterschmidt, Deborah","Normalized Temperature, Normalized Ecological and Environmental Phenomena"
"MacGregor, Grant","Normalized Amyloid beta Peptides, Normalized Gastrointestinal Microbiome, Normalized Disease Progression"
"Mahler, Stephen",Normalized Genetics
"Martinez, Christopher","Normalized Biomechanical Phenomena, Normalized Biological Evolution, Normalized Ecological and Environmental Phenomena"
"Martiny, Adam","Normalized Temperature, Normalized Ecological and Environmental Phenomena, Normalized Genetics"
"Martiny, Jennifer","Normalized Soil, Normalized Gastrointestinal Microbiome, Normalized Diet"
"McHenry, Matthew","Normalized Biomechanical Phenomena, Normalized Cues, Normalized Ecological and Environmental Phenomena"
"McNaughton, Bruce","Normalized Sleep, Normalized Cues, Normalized Neuronal Plasticity"
"McNulty, Reginald","Normalized Inflammasomes, Normalized NLR Family  Pyrin Domain Containing 3 Protein, Normalized Cryoelectron Microscopy"
"Metherate, Raju","Normalized Nicotine, Normalized Cognitive Dysfunction"
"Mooney, Kailen","Normalized Biological Evolution, Normalized Droughts, Normalized Alleles"
"Morehouse, Benjamin","Normalized Immunity  Innate, Normalized Virus Diseases, Normalized Immune System"
"Morrissette, Naomi","Normalized Parasites, Normalized Toxoplasma, Normalized Fibroblasts"
"Mortazavi, Ali","Normalized Amyloid beta Peptides, Normalized Gene Regulatory Networks, Normalized Single Cell Analysis"
"Nicholas, Dequina","Normalized Cytokines, Normalized Flow Cytometry, Normalized Cell Line"
"Nie, Qing","Normalized Single Cell Analysis, Normalized Single Cell Gene Expression Analysis, Normalized Gene Regulatory Networks"
"Parsons, Michael","Normalized Zebrafish, Normalized Pancreatic Neoplasms, Normalized Homeostasis"
"Pizzagalli, Diego",
"Plikus, Maksim","Normalized Single Cell Gene Expression Analysis, Normalized Stem Cells, Normalized Computational Biology"
"Ranz, Jose","Normalized Evolution  Molecular, Normalized Phylogeny, Normalized Ecological and Environmental Phenomena"
"Razorenova, Olga","Normalized Triple Negative Breast Neoplasms, Normalized Oxidative Phosphorylation, Normalized Mitochondria"
"Rebolleda-Gomez, Maria","Normalized Soil, Normalized Nitrogen, Normalized Biological Evolution"
"Ribbe, Markus","Normalized Nitrogenase, Normalized Oxidation Reduction, Normalized Nitrogen"
"Rodriguez Verdugo, Alejandra","Normalized Nutrients, Normalized Biodiversity, Normalized Escherichia coli"
"Schechtman-Drayman, Eitan","Normalized Sleep, Normalized Memory Consolidation, Normalized Cues"
"Schilling, Thomas","Normalized Zebrafish, Normalized Embryonic Development, Normalized Cell Proliferation"
"Shi, Xiaoyu","Normalized Proteomics, Normalized Microscopy, Normalized Astrocytes"
"Sorte, Cascade","Normalized Biodiversity, Normalized Ecological and Environmental Phenomena, Normalized Temperature"
"Stark, Craig","Normalized Magnetic Resonance Imaging, Normalized Memory, Normalized Aged"
"Striedter, Georg",Normalized Biological Evolution
"Suetterlin, Christine","Normalized Microscopy, Normalized RNA, Normalized Stem Cells"
"Sumikawa, Katumi","Normalized Nicotine, Normalized Cognitive Dysfunction, Normalized Phosphorylation"
"Sun, Sha","Normalized Incidence, Normalized Tumor Microenvironment, Normalized RNA"
"Swarup, Vivek","Normalized White Matter, Normalized Neurodegenerative Diseases, Normalized RNA"
"Symons, Celia","Normalized Biodiversity, Normalized Temperature, Normalized Resilience  Psychological"
"Tenner, Andrea","Normalized Neuroinflammatory Diseases, Normalized Phagocytosis, Normalized Neurodegenerative Diseases"
"Thompson-Peer, Katherine","Normalized Alleles, Normalized Mitochondria, Normalized Cell Death"
"Thompson, Leslie","Normalized Neurodegenerative Diseases, Normalized Clustered Regularly Interspaced Short Palindromic Repeats, Normalized Disease Progression"
"Thornton, Kevin","Normalized Ecological and Environmental Phenomena, Normalized Phylogeny, Normalized Computer Simulation"
"Tinoco, Roberto","Normalized CD8 Positive T Lymphocytes, Normalized Immune Checkpoint Inhibitors, Normalized Persistent Infection"
"Treseder, Kathleen","Normalized Soil, Normalized Temperature, Normalized Resilience  Psychological"
"Tsai, Shiou-Chuan",Normalized COVID 19
"Walsh, Craig","Normalized T Lymphocytes  Regulatory, Normalized Multiple Sclerosis, Normalized Stem Cells"
"Wang, Wenqi","Normalized Hippo Signaling Pathway, Normalized Cell Proliferation, Normalized Homeostasis"
"Warrior, Rahul","Normalized Genetics, Normalized Homeostasis, Normalized Hippo Signaling Pathway"
"Whiteson, Katrine","Normalized Bacteriophages, Normalized Anti Bacterial Agents, Normalized Gastrointestinal Microbiome"
"Wiles, Travis","Normalized Zebrafish, Normalized Gastrointestinal Microbiome, Normalized Bacteriophages"
"Wood, Marcelo","Normalized Cues, Normalized Neuronal Plasticity, Normalized Synapses"
"Xue, Katherine","Normalized Gastrointestinal Microbiome, Normalized Phylogeny"
"Yassa, Michael","Normalized Magnetic Resonance Imaging, Normalized Neuroimaging, Normalized Cognitive Dysfunction"
